{
  "results": {
    "Quantum Tunneling": {
      "system": "Quantum Tunneling",
      "Lambda_values": [
        1.031,
        1.785,
        2.982,
        4.201,
        5.131
      ],
      "observable": [
        1.0,
        0.0008496732026143792,
        3.915032679738562e-08,
        6.052287581699347e-11,
        6.516339869281047e-12
      ],
      "has_nonzero_Lambda": 