{
  "phi_values": [
    0,
    5,
    10,
    15,
    20,
    25,
    30,
    35,
    40,
    45,
    50,
    55,
    60,
    65,
    70,
    75,
    80,
    85,
    90,
    95,
    100,
    105,
    110,
    115,
    120,
    125,
    130,
    135,
    140,
    145,
    150,
    155,
    160,
    165,
    170,
    175,
    180,
    185,
    190,
    195,
    200,
    205,
    210,
    215,
    220,
    225,
    230,
    235,
    240,
    245,
    250,
    255,
    260,
    265,
    270,
    275,
    280,
    285,
    290,
    295,
    300,
    305,
    310,
    315,
    320,
    325,
    330,
    335,
    340,
    345,
    350,
    355,
    360
  ],
  "lambda_mean": [
    0.0,
    0.33354584122649455,
    0.6909722568408727,
    0.9800303925159721,
    1.3136481297016855,
    1.2167408592223363,
    1.4370613797413203,
    1.2915227106395377,
    1.111333573910429,
    0.8345604826322408,
    0.6807166716805167,
    0.8658385587519616,
    0.5071631139163458,
    0.33230117080910954,
    0.03927450609330513,
    0.15156124057611578,
    0.24449673086418197,
    0.39592117380028696,
    0.35640686795318594,
    0.38873981745553815,
    0.4181185463468978,
    0.22827438128217495,
    0.08894257762616689,
    0.07608815516196987,
    0.34544702741374683,
    0.402585819349336,
    0.5076426109676818,
    0.861681407216792,
    0.8264958816672996,
    0.9059269881451796,
    0.8519892156776636,
    1.1599928631892498,
    1.1226356765650927,
    0.7546837990802036,
    0.5669500065139319,
    0.31875971085322813,
    3.7394369254164953e-16,
    0.3036261750071013,
    0.47780341499388757,
    0.9019721430240754,
    0.9021046511997379,
    0.8719014965424636,
    1.070160026939781,
    1.1589700971014638,
    0.9319823352818073,
    0.751815831094288,
    0.9295612520848927,
    0.30451397330041013,
    0.24132252591884532,
    0.08797883774178358,
    0.06828730913047155,
    0.24819657317590385,
    0.19344627115001836,
    0.35400428388374405,
    0.4384178079059834,
    0.313982729133919,
    0.2503870611207734,
    0.11267377300339884,
    0.03415025337883541,
    0.24720438960699537,
    0.5142581617872686,
    0.7511201097708493,
    0.670655278463169,
    1.1491698202186014,
    1.5416373804603578,
    1.7605204984987843,
    1.8417937369288466,
    1.2152890447619682,
    0.9268491001128861,
    1.0700573362666002,
    0.7825039206400339,
    0.333032518982335,
    9.696162072594843e-16
  ],
  "lambda_std": [
    0.0,
    0.14016974779850636,
    0.29434942949106463,
    0.6583376110257765,
    0.7992466602645806,
    0.729279610276211,
    0.8340226329574788,
    0.8954767311838788,
    0.6449805392827946,
    0.3253886186627096,
    0.5338081847967249,
    0.14607491282671153,
    0.28286738589339444,
    0.13115248818735406,
    0.016900933973250716,
    0.08313981854244228,
    0.15186743636695937,
    0.1652236867633481,
    0.19735169564447103,
    0.20054390923034435,
    0.24038892285311622,
    0.10306973301589202,
    0.034438311033415187,
    0.0364968002508256,
    0.153063525529437,
    0.15517610021334904,
    0.2852943330974324,
    0.5758835865926475,
    0.40893086247378596,
    0.4512502125352555,
    0.37784189630120846,
    0.4247194907746799,
    0.6996262880563442,
    0.46925664380489474,
    0.292852339642437,
    0.26146452788161345,
    2.7707066623906073e-16,
    0.1537805878977562,
    0.21724736971312422,
    0.4130572956070599,
    0.5761838482777731,
    0.5769688712328576,
    0.6234790001767622,
    0.7862783280232148,
    0.5855828578506266,
    0.4023601485986521,
    0.4320843909459877,
    0.14810049762196698,
    0.08552500514881584,
    0.030870956466592662,
    0.04355246620133284,
    0.1238007954151441,
    0.0980675064946006,
    0.12861010188799657,
    0.2460096188273359,
    0.16018575031306065,
    0.1160672126863039,
    0.05411718930235586,
    0.01792888249355626,
    0.08918942263071286,
    0.3226792058670788,
    0.40244031660344093,
    0.2774775143775612,
    0.5618568910676799,
    0.6680339013912928,
    0.6265482107792023,
    1.0802302449642538,
    0.5416614682247944,
    0.46311381991988454,
    0.5913424113842664,
    0.29612331923319163,
    0.14487040462154416,
    3.611409264869275e-16
  ],
  "energy_values": [
    10.2,
    10.071601897343683,
    9.69453660130221,
    9.092647122239454,
    8.303895232583635,
    7.377823035185491,
    6.372243186433545,
    5.349381779272983,
    4.371734824369035,
    3.4979184719828695,
    2.778793292533253,
    2.2541240750836784,
    1.9499999999999997,
    1.877188191701741,
    2.030530093538954,
    2.389419159126247,
    2.919324853719417,
    3.5742569081175652,
    4.299999999999999,
    5.03789688947267,
    5.728921049651855,
    6.317760517846201,
    6.756634351965864,
    7.008581720549028,
    7.05,
    6.872259810255787,
    6.482288165333202,
    5.902081528017131,
    5.167183717764511,
    4.324234335387551,
    3.427756813566455,
    2.536407052563742,
    1.7089403219115495,
    1.0001732007881008,
    0.45721749532651773,
    0.11624430506608352,
    0.0,
    0.11624430506608317,
    0.45721749532651956,
    1.000173200788099,
    1.7089403219115475,
    2.536407052563739,
    3.4277568135664587,
    4.324234335387549,
    5.1671837177645115,
    5.902081528017127,
    6.482288165333203,
    6.872259810255784,
    7.049999999999999,
    7.008581720549027,
    6.756634351965862,
    6.3177605178462,
    5.728921049651855,
    5.037896889472669,
    4.300000000000001,
    3.574256908117568,
    2.919324853719421,
    2.389419159126251,
    2.030530093538955,
    1.8771881917017403,
    1.9499999999999997,
    2.254124075083679,
    2.778793292533251,
    3.4979184719828695,
    4.371734824369029,
    5.3493817792729805,
    6.372243186433536,
    7.377823035185488,
    8.303895232583637,
    9.092647122239457,
    9.694536601302207,
    10.071601897343681,
    10.2
  ],
  "strain_values": [
    0.0,
    2.195217574172723,
    4.264019918728097,
    6.0883108654170925,
    7.566071320790687,
    8.618033263179225,
    9.19282032302755,
    9.270209598987947,
    8.862296821078182,
    8.012489168102785,
    6.792397309014291,
    5.296840553908439,
    3.6373066958946434,
    1.934312523722651,
    0.3091849984213213,
    1.1241783026856904,
    2.267010270832139,
    3.0423151031201856,
    3.4,
    3.320152187387273,
    2.8142425001532105,
    1.9241783026856876,
    0.7192751770771406,
    0.7086414147322873,
    2.251666049839539,
    3.793332360650988,
    5.216704904194758,
    6.412489168102783,
    7.2866044162586485,
    7.766701405730494,
    7.807179676972448,
    7.392362154188861,
    6.537611145292229,
    5.2883108654171,
    3.7167876894070266,
    1.9173804899056348,
    2.718715894107124e-15,
    1.91738048990563,
    3.716787689407033,
    5.288310865417095,
    6.5376111452922245,
    7.392362154188859,
    7.807179676972449,
    7.766701405730496,
    7.286604416258648,
    6.412489168102791,
    5.216704904194757,
    3.7933323606509983,
    2.2516660498395424,
    0.7086414147322804,
    0.7192751770771464,
    1.924178302685693,
    2.8142425001532105,
    3.3201521873872735,
    3.4000000000000004,
    3.042315103120188,
    2.267010270832145,
    1.1241783026856984,
    0.30918499842131997,
    1.9343125237226608,
    3.6373066958946385,
    5.296840553908446,
    6.792397309014285,
    8.012489168102785,
    8.862296821078179,
    9.270209598987948,
    9.192820323027552,
    8.618033263179225,
    7.566071320790686,
    6.088310865417084,
    4.264019918728099,
    2.195217574172738,
    6.221205739668554e-15
  ],
  "r2_energy": 0.003059508632359374,
  "r2_strain": 0.8886562214292449,
  "p_energy": 0.6420802521746408,
  "p_strain": 1.4332235066848767e-35,
  "validation_status": "PASSED",
  "lambda_peaks": [
    20,
    30,
    55,
    135,
    145,
    155,
    200,
    215,
    230,
    305,
    330,
    345
  ],
  "strain_peaks": [
    35,
    150,
    210,
    325
  ]
}