{
  "spin_orbit": {
    "Lambda_values": [
      0.25,
      0.4330127018922193,
      0.25
    ],
    "energy_splittings_MHz": [
      10969.0,
      1815.0,
      1627.0
    ],
    "state_labels": [
      "H_2P",
      "H_3D",
      "H_3P"
    ],
    "R_squared_values": {
      "exp(-\u039b\u00b2)": -1.6147759581863972,
      "\u039b\u00b2": -1.479000789991161,
      "1/(1+\u039b\u00b2)": -1.6521210126957753,
      "\u039b": -1.234336260585232,
      "1/n\u00b3": 0.9177025717172326
    },
    "best_fit": "1/n\u00b3"
  },
  "stark": {
    "linear_stark": {
      "R2_exp_L2": -3.1358857592623828,
      "R2_linear": 1.0,
      "Lambda_values": [
        0.0,
        0.0,
        0.0,
        0.0,
        0.0
      ]
    },
    "quadratic_stark": {
      "R2_exp_L2": -3.756019763990083,
      "R2_quadratic": 1.0,
      "Lambda_values": [
        0.0,
        0.0,
        0.0,
        0.0,
        0.0
      ]
    }
  },
  "zeeman": {
    "normal_zeeman": {
      "R2_exp_L2": -3.1358857592623837,
      "R2_linear": 1.0,
      "Lambda_values": [
        0.0,
        0.0,
        0.0,
        0.0,
        0.0
      ]
    },
    "anomalous_zeeman": {
      "R2_exp_L2": -3.1358857592623828,
      "R2_linear": 1.0,
      "Lambda_values": [
        0.0,
        0.0,
        0.0,
        0.0,
        0.0
      ]
    }
  }
}