{
  "waveguide": {
    "Lambda_values": [
      0.14953080205623884,
      0.4848521877052719,
      1.4142135623730951,
      1.4142135623730951,
      1.4142135623730951
    ],
    "conversion_efficiencies": [
      0.0036787944117144243,
      0.00778800783071405,
      0.010000000000000002,
      0.00778800783071405,
      0.0036787944117144243
    ],
    "frequencies_GHz": [
      8.0,
      9.0,
      10.0,
      11.0,
      12.0
    ],
    "R_squared_values": {
      "exp(-\u039b\u00b2)": -4.105439826540907,
      "\u039b\u00b2": -2.221131625510923,
      "Gaussian(f)": 0.4673629944858655
    }
  },
  "birefringence": {
    "Lambda_values": [
      6.3866079364223365e-18,
      6.562281258429329e-18,
      2.071995541159851e-18
    ],
    "birefringence_values": [
      0.17199999999999993,
      0.008999999999999897,
      0.2869999999999999
    ],
    "material_names": [
      "Calcite",
      "Quartz",
      "Rutile"
    ],
    "R_squared_values": {
      "exp(-\u039b\u00b2)": -1.3191974581048527,
      "\u039b": -2.2636372143603443,
      "\u0394n (direct)": 1.0
    }
  },
  "kerr": {
    "Lambda_values": [
      0.0,
      0.0,
      0.0,
      0.0,
      0.0
    ],
    "phase_shifts": [
      0.5449197057074372,
      2.7245985285371863,
      5.449197057074373,
      27.245985285371862,
      54.491970570743725
    ],
    "intensities_GW_cm2": [
      0.1,
      0.5,
      1.0,
      5.0,
      10.0
    ],
    "R_squared_values": {
      "exp(-\u039b\u00b2)": -999,
      "I (linear)": 1.0
    }
  },
  "shg": {
    "Lambda_values": [
      6.901424558974612e-18,
      6.901424558974612e-18,
      6.901424558974612e-18,
      6.901424558974612e-18,
      6.901424558974612e-18
    ],
    "conversion_efficiencies": [
      5.387323612219751e-29,
      4.974715041054841e-07,
      2.077210030965025e-30,
      6.340114452367712e-07,
      6.8391798958701e-07
    ],
    "wavelengths_nm": [
      800,
      900,
      1000,
      1100,
      1200
    ],
    "R_squared_values": {
      "exp(-\u039b\u00b2)": -1.1236275665581932,
      "sinc\u00b2(\u0394k)": 1.0
    }
  }
}