{
  "variance_ratio_correlation": 0.025510913953030807,
  "best_variance_ratio": 2,
  "best_lambda_advantage": 72.05049360737983,
  "nonstationary_advantage": 22.48123271434216
}