{
  "lambda_vs_log_r": {
    "alpha_0.5": {
      "correlation": 1.0,
      "p_value": 0.0,
      "slope": 0.49999999999999994,
      "intercept": 1.17380257823428e-17,
      "expected_slope": 0.5
    },
    "alpha_1.0": {
      "correlation": 1.0,
      "p_value": 0.0,
      "slope": 0.9999999999999999,
      "intercept": 2.34760515646856e-17,
      "expected_slope": 1.0
    },
    "alpha_1.5": {
      "correlation": 1.0,
      "p_value": 0.0,
      "slope": 1.4999999999999998,
      "intercept": -2.6870513139717134e-16,
      "expected_slope": 1.5
    },
    "alpha_2.0": {
      "correlation": 0.9999999999999999,
      "p_value": 0.0,
      "slope": 1.9999999999999998,
      "intercept": 4.69521031293712e-17,
      "expected_slope": 2.0
    }
  },
  "plv_vs_exp_lambda2": {
    "Lambda_values": [
      0.1,
      0.3,
      0.5,
      0.7,
      1.0,
      1.5,
      2.0
    ],
    "PLV_simulated": [
      0.9975513703845771,
      0.9738760272734397,
      0.9175355033106698,
      0.779737756304898,
      0.5647594780066142,
      0.3032864449117817,
      0.13768468573848822
    ],
    "exp_minus_Lambda2": [
      0.990049833749168,
      0.9139311852712282,
      0.7788007830714049,
      0.6126263941844161,
      0.36787944117144233,
      0.10539922456186433,
      0.01831563888873418
    ],
    "correlation": 0.9881891447435436,
    "p_value": 2.893368632144446e-05,
    "R_squared": 0.7962554315310657
  },
  "bch_phase_coherence": {
    "Lambda_BCH": [
      0.1,
      0.3,
      0.5,
      0.7,
      1.0,
      1.5,
      2.0
    ],
    "r_BCH": [
      0.990049833749168,
      0.9139311852712282,
      0.7788007830714049,
      0.6126263941844161,
      0.36787944117144233,
      0.10539922456186433,
      0.01831563888873418
    ],
    "neg_log_r": [
      0.01000000000000006,
      0.09,
      0.25,
      0.48999999999999994,
      1.0,
      2.25,
      4.0
    ],
    "correlation": 0.9999999999999998,
    "p_value": 1.4110889914610809e-39,
    "slope": 1.0000000000000007,
    "intercept": 1.67364363410867e-16
  },
  "criticality": {
    "Lambda_critical": 0.7070707070707071,
    "r_critical": 0.6065616027863564,
    "Lambda_inflection": 0.050505050505050504
  }
}